CustomerID,LastName,FirstName,Address
1,Teaz,Michell,008 Rutledge Crossing
2,Mount,Chloette,254 Dwight Alley
3,Farress,Fianna,6 Hauk Road
4,Omar,Daile,85951 Melvin Way
5,MacCrachen,Sharity,504 Thackeray Circle
6,Hatch,Morton,6 Roxbury Trail
7,Blague,Osmond,64888 Shoshone Place
8,Vokins,Isacco,8975 Northview Junction
9,Enright,Oralee,63 Garrison Center
10,Willmot,Isac,6583 Kings Alley
11,Weeds,Donni,20161 Eagle Crest Center
12,De'Vere - Hunt,Marcus,028 Mcbride Avenue
13,Abriani,Gray,836 Spohn Circle
14,Pridham,Misti,59 Evergreen Hill
15,Gill,Ailbert,5933 Columbus Plaza
16,Mantram,Tallia,8 Clemons Plaza
17,Salatino,Bianka,30 Erie Place
18,Connolly,Susy,9849 Kensington Plaza
19,Akram,Larisa,65650 Northview Avenue
20,Winfindine,Juliann,06863 Jenna Hill
21,Melody,Tadio,33 Prentice Pass
22,Rigate,Melisse,83 Union Avenue
23,Poulsum,May,18234 Sachs Hill
24,Forst,Maddie,3 Paget Parkway
25,Blincko,Josephine,50552 Towne Pass
26,Benech,Grethel,824 Thierer Lane
27,Jerdan,Rolph,3 Vahlen Point
28,Dinis,Mame,48652 Sutteridge Road
29,Quaife,Bernadina,726 Sutteridge Street
30,Lindell,Torrey,81 Burning Wood Circle
31,Rudkin,Noel,0 Mockingbird Center
32,Stirman,Erv,857 Meadow Vale Plaza
33,Klejin,Hasty,89921 Amoth Court
34,Rengger,Violante,00080 Gale Point
35,Hendrich,Ole,5165 Buena Vista Terrace
36,Maskill,Kurtis,592 Golden Leaf Plaza
37,Whittington,Dallis,73901 Colorado Way
38,Spilstead,Pail,1 Mcguire Parkway
39,Anespie,Yuma,0180 Lien Terrace
40,Tumpane,Mina,2378 Duke Pass
41,Martinie,Alberto,15602 Nova Pass
42,Jonczyk,Aretha,500 Little Fleur Place
43,Dundon,Lulita,276 Schiller Street
44,Mohammed,Ham,8276 Armistice Park
45,Tockell,Eleen,4033 Onsgard Way
46,Howgill,Buddie,51488 Thompson Road
47,Frisby,Clementina,4432 Darwin Plaza
48,Kordas,Fedora,371 Lakewood Gardens Terrace
49,Vanyard,Sanson,92 Pine View Hill
50,Brisco,Austina,37934 Melody Center
51,Gething,Xylia,496 Ramsey Court
52,Peverell,Tera,78 International Drive
53,Finkle,Miran,90 New Castle Drive
54,McArthur,Margit,2 Westend Plaza
55,Coultous,Terri-jo,2365 Eliot Circle
56,Barca,Evania,12 Stuart Point
57,Woolvett,Judy,22 Sheridan Plaza
58,Goakes,Danell,8 Everett Alley
59,Licari,Decca,2709 Butternut Junction
60,Beggini,Abby,73064 Badeau Trail
61,Catonnet,Leeanne,9468 Gateway Place
62,Arent,Cornall,34 Rusk Junction
63,Grahlmans,Nanette,10 Arrowood Court
64,Tyrone,Hattie,95 Spaight Street
65,Goodge,Zebadiah,96384 Valley Edge Junction
66,Offa,Arda,46 Di Loreto Drive
67,Cardon,Kirstin,724 Kenwood Center
68,Sleeny,Ches,466 Hoard Parkway
69,Albrecht,Jarred,4 Milwaukee Drive
70,Flott,Frayda,55695 Tomscot Plaza
71,Winterflood,Walden,3125 Sheridan Alley
72,Jobbins,Roi,08901 Vera Junction
73,Searl,Prentiss,501 Prentice Crossing
74,Sumshon,Petrina,8388 Barnett Circle
75,Washbrook,Richie,3 Amoth Alley
76,Cockaday,Lorettalorna,20728 Wayridge Lane
77,Drummond,Sacha,9266 Roxbury Hill
78,Merrett,Bethanne,04215 Mcbride Lane
79,Sterricks,Baird,81390 Messerschmidt Center
80,Alessandrelli,Tressa,966 Summer Ridge Way
81,Dumelow,Ronnie,66 Scofield Pass
82,Goggins,Far,50593 Cottonwood Drive
83,Owttrim,Nelle,769 Ryan Alley
84,McCutcheon,Corena,64 8th Alley
85,Yearby,Latrina,97532 Ryan Circle
86,Yankeev,Karlen,81 Fisk Center
87,Rentoll,Jill,48281 Glacier Hill Court
88,Mattussevich,Kori,76 Transport Terrace
89,Van Arsdale,Elwira,43 Sutteridge Road
90,Hugueville,Brittni,807 Kennedy Trail
91,Seeman,Lorain,060 Fulton Center
92,Shillitoe,Ulysses,56945 Fuller Trail
93,Hydes,Dorris,0075 Jenifer Street
94,Ferencz,Wilek,2013 Brown Court
95,Berriball,Elvis,3 Lake View Road
96,Handman,Latia,960 Loomis Court
97,Cadwallader,Katlin,8486 Kenwood Junction
98,Dury,Alon,7626 Burning Wood Crossing
99,Horley,Dagmar,8571 Park Meadow Point
100,Ornells,Drugi,42 Dahle Terrace
101,Nussen,Delmer,454 Hollow Ridge Crossing
102,Hylton,Kristopher,5 Lillian Pass
103,Luney,Farris,9 Forest Dale Way
104,Lead,Richardo,4839 Barnett Place
105,Gorden,Mendy,745 Union Junction
106,Jizhaki,Rochelle,1 Declaration Parkway
107,Lowdyane,Amandi,8307 Shelley Crossing
108,Grouer,Dory,24 Oakridge Center
109,Innocent,Patrice,3 Buena Vista Point
110,Calabry,Jacquelyn,2 Weeping Birch Point
111,Coldman,Lanie,9336 Stuart Way
112,McArdell,Natassia,424 Mockingbird Lane
113,Fitzsymons,Quintilla,059 Meadow Valley Street
114,Camerello,Hayes,06989 Nelson Lane
115,Bayles,Perla,78 Iowa Road
116,Lisle,Roderich,8 Larry Place
117,Prandi,Selle,0966 Namekagon Court
118,Konneke,Clarabelle,363 Southridge Street
119,Scrace,Tome,55296 Fordem Avenue
120,Llopis,Maribelle,53 Marcy Park
121,Tunmore,Anthony,079 Melvin Pass
122,Lisamore,Maribelle,34 Talisman Plaza
123,Hartropp,Lane,19 Village Green Circle
124,Demangel,Aundrea,97718 Mitchell Pass
125,Ashborne,Brit,618 Eastwood Crossing
126,Antognazzi,Imelda,895 Birchwood Plaza
127,Sabates,Fredek,47891 Birchwood Circle
128,Eastridge,Abdul,45 Heath Terrace
129,Godney,Genvieve,945 Monterey Drive
130,Pipworth,Nani,8 Emmet Street
131,Stienham,Yehudit,2129 South Place
132,Braxay,Angelina,7 Carpenter Parkway
133,Tiller,Morton,13 Pearson Way
134,Strippling,Kip,3 Roth Circle
135,Murthwaite,Loni,30 Northridge Court
136,Hewins,Blithe,41 Browning Trail
137,McQuarrie,Damon,54 Briar Crest Way
138,Schreiner,Fanni,15339 John Wall Plaza
139,Esby,Audre,13237 Duke Terrace
140,Kinchington,Ana,4 Lukken Street
141,Kolis,Neda,70 Jana Park
142,O' Markey,Lilia,44 Victoria Trail
143,Kynton,Rosina,27575 Nelson Way
144,Chamberlin,Gan,39 East Avenue
145,Palffy,Dalis,185 Quincy Road
146,Aloshikin,Rosco,6 Lighthouse Bay Way
147,Egle of Germany,Uriah,24 Troy Lane
148,Offner,Rebbecca,7 Sheridan Hill
149,MacRannell,Lars,383 Sutteridge Hill
150,Guenther,Layton,44 Prairieview Trail
151,Reily,Carroll,10 Dunning Lane
152,Grestye,Laureen,28 Victoria Alley
153,Risman,Olga,1120 Loeprich Parkway
154,Hedde,Jude,3 Holy Cross Junction
155,Steinhammer,Codi,322 New Castle Point
156,Heffy,Spenser,4736 Old Shore Pass
157,Haughian,Odessa,406 Walton Trail
158,Matthew,Delia,147 Cottonwood Pass
159,McKomb,Odessa,936 Monica Park
160,Lavigne,Frederigo,18847 Lyons Park
161,Mundie,Angil,78823 Mockingbird Hill
162,Haw,Gregory,13335 Michigan Court
163,Sancraft,Emmi,12 Buena Vista Pass
164,Duggleby,Alvina,082 Bultman Road
165,Gilkes,Sebastiano,845 Little Fleur Center
166,Tremaine,Pen,2561 Express Lane
167,Reiner,Fran,41 Northview Trail
168,Gorcke,Margi,85 Stone Corner Center
169,Mounfield,Chlo,98 Blackbird Junction
170,Priestley,Francoise,33590 Buell Circle
171,Scutching,Shepherd,58286 Pankratz Point
172,Kropp,Charlean,2 3rd Avenue
173,Haighton,Mario,7474 Autumn Leaf Lane
174,Gaukroger,Eb,8 Roxbury Place
175,Pennetti,Debbi,2 3rd Alley
176,Flintiff,Lemuel,13 Kennedy Drive
177,Mahaffey,Hobart,98 Browning Junction
178,Drexel,Caterina,0395 Lillian Trail
179,Loache,Wainwright,473 Prairie Rose Place
180,Banfill,Jo,6 Glacier Hill Parkway
181,Leman,Selle,80 Monument Place
182,Barnett,Ernst,5325 Magdeline Center
183,Boniface,Winona,6683 Acker Terrace
184,Burlingame,Asa,33613 Westport Place
185,Corking,Layton,18 Oak Valley Junction
186,Isoldi,Sumner,16244 Maryland Trail
187,Strooband,Alister,988 Rockefeller Place
188,Balmadier,Veronique,39827 Melby Center
189,Amort,Verene,420 Bellgrove Park
190,Raybould,Nikola,135 Sundown Court
191,Jiroutek,Phyllis,95374 Farragut Circle
192,Mayes,Minnie,5 Di Loreto Lane
193,Brockett,Thurstan,1 Graedel Point
194,Kubec,Liza,28280 Pearson Street
195,Chidley,Rafe,0 Lindbergh Trail
196,Gloyens,Inna,1 Nevada Hill
197,Whordley,Josey,4652 3rd Road
198,Clynman,Melvyn,84223 Dawn Place
199,Schuricht,Dunc,960 Waywood Road
200,Linebarger,Theodoric,51 Arrowood Alley
201,Braiden,Mirna,26089 Chinook Center
202,Clapshaw,Fred,3895 Tennyson Terrace
203,Opfer,Maiga,40 Anthes Lane
204,Allaker,Nina,78 Sundown Trail
205,Sommerland,Chris,7907 Nova Parkway
206,Whistance,Wernher,701 Cherokee Road
207,Georgescu,Marchall,9095 Cottonwood Alley
208,Ivantsov,Con,7 Reindahl Street
209,Elgood,Levey,77 Hermina Lane
210,Brignall,Nari,94255 Dexter Center
211,Hillock,Thayne,396 Reindahl Way
212,Rau,Hannah,439 Meadow Ridge Parkway
213,Masseo,Rozina,55 Roth Park
214,Lodder,Giffy,335 Moland Hill
215,Cotesford,Clementia,3 Larry Plaza
216,Bunning,Jarvis,1294 Eastlawn Center
217,Steabler,Jarid,1 Golf Court
218,Tapenden,Tuck,456 Reindahl Trail
219,Heinrici,Stace,24653 Londonderry Way
220,Julien,Ailey,52 South Alley
221,Pountain,Shermie,1793 Village Green Circle
222,Soughton,Delinda,99 Charing Cross Circle
223,Frodsham,Lyndsie,291 Linden Hill
224,Leggate,Kasper,0898 Roxbury Hill
225,Hafner,Barbette,5475 Eagan Alley
226,Dyble,Timi,6737 Glacier Hill Crossing
227,Jenk,Simeon,454 Lakewood Alley
228,Brassill,Aila,373 Myrtle Terrace
229,Harkness,Skip,1 Maple Terrace
230,Whyborne,Jens,958 Fairfield Trail
231,Sherborne,Josepha,5105 Rusk Plaza
232,O'Heneghan,Mattie,59 Vahlen Point
233,Stemson,Sephira,32 Jackson Court
234,Clementel,Bellina,942 Thierer Court
235,Grayham,Caron,86 Michigan Plaza
236,Seary,Irwin,91 Shelley Park
237,Honacker,Dolly,20 Coolidge Terrace
238,Beeston,Dorothea,10006 Esker Park
239,Peplay,Godwin,23 Autumn Leaf Park
240,Adel,Helaine,731 Armistice Crossing
241,Ridwood,Bram,448 Marcy Point
242,Rigbye,Sawyer,14 Annamark Way
243,Dixcee,Renell,37 Marcy Park
244,Hallam,Staford,20 Coleman Center
245,Dusey,Donn,93 Magdeline Hill
246,Mays,Clementia,20885 Oak Valley Park
247,Romeo,Andrej,34 Texas Junction
248,Noonan,Kalila,9 Spaight Hill
249,Poleykett,Darcie,8583 Crest Line Junction
250,Dennington,Ynez,01550 Moland Plaza
251,Guerreiro,Pincas,54419 Oakridge Junction
252,Logg,Morrie,37 Gateway Way
253,Haslock,Drud,90 Debs Street
254,Makeswell,Clarine,8264 Laurel Center
255,Greenhalf,Alonso,3415 Loftsgordon Court
256,Schoenleiter,Dennis,0 Grover Road
257,Lovelock,Jules,3331 Welch Trail
258,Kiss,Ricardo,81 Killdeer Lane
259,Clapshaw,Aeriell,2847 Coolidge Crossing
260,Crate,Burnaby,1 Quincy Alley
261,Jakubski,Aurelea,204 Melody Street
262,Ivey,Ian,6706 Thierer Court
263,Speariett,Miran,708 Barnett Court
264,Archdeacon,Slade,6119 Sauthoff Lane
265,Esser,Oates,36 Claremont Lane
266,Paskell,Kele,07960 Farwell Park
267,Birney,Isador,84 Garrison Court
268,Aizikovitch,Clo,355 Oak Valley Lane
269,Punchard,Shawn,85 Garrison Park
270,De Haven,Kimble,3 Karstens Drive
271,Warwicker,Ara,0133 Fulton Circle
272,Citrine,Cassy,06 Milwaukee Parkway
273,O'Sullivan,Becka,95 Thackeray Trail
274,Thiem,Akim,475 Corry Court
275,Rosier,Vassily,3 Monument Court
276,Wawer,Jo,5093 Carioca Alley
277,Beavers,Worden,24886 Paget Center
278,Payton,Estrella,5709 Carey Park
279,Bernt,Karola,244 Manufacturers Terrace
280,Goolden,Niel,60521 Milwaukee Place
281,Sabberton,Lewiss,552 Bellgrove Alley
282,Lefeuvre,Christye,74 Ilene Lane
283,Wimpeney,Netta,4 Dawn Trail
284,Bonnefin,Inness,2234 Florence Hill
285,Skeldon,Maximilian,0 Dexter Pass
286,Voff,Stefa,6665 Dunning Drive
287,Botterell,Donn,4018 Nelson Avenue
288,Hinckesman,Mag,28972 Independence Park
289,Pretorius,Arnaldo,47 Shelley Drive
290,Winfindale,Deena,3 Pine View Junction
291,McKune,Maura,18259 Fisk Avenue
292,Peckham,Yoko,6727 Porter Crossing
293,Skirving,Alden,35 Saint Paul Circle
294,Sheer,Ruperto,56 Armistice Junction
295,Dawson,Mollie,8 Dorton Court
296,Rockwell,Tyler,2 Morning Point
297,Mowett,Katy,8 Pawling Circle
298,Jarrel,Darbee,564 Express Way
299,Barrick,Melinde,608 Thierer Terrace
300,Cutbush,Viv,4388 John Wall Terrace
301,Towne,Rikki,70067 Dayton Place
302,Shefton,Tillie,99 Ohio Circle
303,Slaney,Casandra,72578 Pepper Wood Park
304,Bryan,Krissie,33 Fordem Drive
305,Ffrench,Erv,098 Kipling Park
306,Pavolillo,Barnabe,5925 Pearson Hill
307,Yousef,Vilma,8 Logan Trail
308,Simeoni,Christabella,30 Sunfield Pass
309,Hanner,Syman,0 Northridge Place
310,Matula,Kath,68013 Monterey Place
311,Kimmins,Maurise,082 Dovetail Avenue
312,Klewer,Rudolph,97934 Elmside Place
313,Hevey,Silvan,0133 Ridgeview Terrace
314,Bing,Joey,771 Bay Center
315,Caston,Yulma,9 Kennedy Street
316,Kubczak,Candace,04 Blackbird Circle
317,Posselow,Shepherd,227 Welch Place
318,Pyner,Druci,58 Larry Place
319,Broy,Ricky,0802 Burning Wood Road
320,Tabart,Phillipe,75 Waywood Point
321,Gange,Shea,5621 Esker Parkway
322,O' Clovan,Timmy,00325 Bellgrove Junction
323,Mollene,Fredra,72968 Corscot Trail
324,Darridon,Fayina,6043 Mariners Cove Circle
325,Phillcox,Nolly,4940 Meadow Ridge Court
326,Wrightim,Audrey,4 Maryland Crossing
327,Palleske,Jodie,51388 Arrowood Trail
328,Wallsworth,Gena,04 Judy Way
329,Sheehy,Bill,62 Kipling Junction
330,McSparran,Burg,5996 Golden Leaf Terrace
331,Poor,Jeffry,1725 Delladonna Street
332,Waymont,Sarine,6228 Pleasure Crossing
333,Wilcocks,Farlie,5 Rieder Avenue
334,Candwell,Karlee,63002 Utah Circle
335,Dovermann,Jayne,1386 Ronald Regan Way
336,Lieber,Catlaina,1798 Fairfield Drive
337,Moulster,Yorker,5 Reindahl Hill
338,Clingan,Edy,927 Manitowish Terrace
339,Goncalo,Zora,58 Kinsman Drive
340,Dorow,Olia,088 Goodland Junction
341,Denman,Putnam,6325 Maple Center
342,Lisciandro,Verene,16042 Forest Dale Plaza
343,Van Merwe,Theda,23952 Jay Place
344,Craw,Christiano,5980 Commercial Lane
345,Jobin,Clay,95618 Cottonwood Center
346,Horrigan,Halie,9 Twin Pines Avenue
347,Kitchinghan,Cy,65 Corscot Plaza
348,Terbeck,Deonne,509 Ludington Pass
349,Bailes,Yvonne,58066 Mayfield Point
350,Petruk,Isak,842 Lukken Place
351,Yglesia,Karylin,859 Bellgrove Place
352,Blakeley,Forbes,6 Bunting Plaza
353,Bloxland,Moria,56614 Nova Place
354,Mc Andrew,Land,6 Westport Street
355,Fearenside,Batholomew,342 Maywood Road
356,Pyburn,Mariette,6032 Charing Cross Street
357,Hutton,Darya,77204 Village Point
358,Sepey,Brit,24391 Thompson Park
359,Trebble,Heinrik,998 Delaware Junction
360,Birrel,Hermy,4 Clarendon Street
361,Rhubottom,Kalie,83 Main Junction
362,Deller,Gayla,95946 Golden Leaf Alley
363,Dilkes,Lauryn,995 Roth Center
364,Schellig,Karly,88 Oak Lane
365,Jimson,Ophelia,0 Coolidge Place
366,O'Neary,Delora,9 Manley Point
367,Shiels,Davon,246 Hollow Ridge Drive
368,Tour,Mariann,1505 Macpherson Place
369,Lunbech,Iggie,92 Mayer Center
370,Gotling,Valencia,4 David Trail
371,Righy,Martie,9141 Melby Drive
372,Mulchrone,Miles,447 West Street
373,Windrus,Dee dee,04041 Charing Cross Place
374,Brackenridge,Isac,3247 Stone Corner Parkway
375,Woffenden,Dmitri,72 Packers Hill
376,Carvell,Hildagarde,53410 Mockingbird Alley
377,Luckham,Gav,16 Morning Court
378,Suddell,Daron,9 Waywood Avenue
379,Lemonnier,Suzie,7 Tomscot Place
380,Dunhill,Kellie,5 Gerald Way
381,Mawhinney,Ansell,017 Chinook Place
382,Fishleigh,Lavinia,5981 Fairview Crossing
383,Mcwhinney,Eveline,0218 Main Hill
384,Purple,Andree,314 Manitowish Junction
385,Saffe,Harvey,9415 Graedel Trail
386,Gallico,Orbadiah,6 Susan Trail
387,Pickup,Coriss,1 Oriole Junction
388,Jennens,Shanna,717 Mesta Drive
389,Seddon,Frances,530 Marcy Way
390,Ranby,Madella,6428 Boyd Lane
391,Grist,Skye,728 Graceland Plaza
392,Heake,Katey,43270 Northridge Place
393,Cellone,Kenyon,3 Clarendon Drive
394,Sapsforde,Trefor,1 Shasta Trail
395,Bonder,Izzy,709 Grayhawk Crossing
396,Arnhold,Tomasina,41 Gerald Way
397,Thairs,Barri,6 Myrtle Crossing
398,Bloschke,Chad,909 Linden Avenue
399,Veeler,Tiffy,66174 Cascade Parkway
400,Brydie,Mufinella,12622 Pierstorff Lane
401,Coneley,Petey,4 Menomonie Way
402,Gowling,Carlie,6224 Magdeline Terrace
403,Fittes,Alta,2099 Anniversary Drive
404,Gronow,Jayme,696 Texas Pass
405,Heeks,Kai,704 Commercial Center
406,Warters,Barde,5327 Tony Hill
407,Millington,Emmeline,35 Dixon Terrace
408,Clarricoates,Layney,4 Marcy Lane
409,Askell,Carlie,7389 Pennsylvania Road
410,Jeens,Mathias,260 Mitchell Court
411,Pittle,Regan,292 Comanche Alley
412,Bisiker,Jarret,2030 Bluestem Parkway
413,Heymes,Clea,28 Dixon Center
414,Lockner,Silvio,7553 Moland Way
415,Gregersen,Dru,1371 Mayfield Center
416,Barnish,Sarajane,38771 Nobel Center
417,Beastall,Tyler,41018 Ramsey Drive
418,Yvon,Deva,200 Burning Wood Crossing
419,Hove,Kaylyn,1311 Cherokee Drive
420,Ainley,Carmelita,535 Sunnyside Court
421,Botger,Woodie,3798 Schiller Plaza
422,Belt,Gwyn,632 Sunnyside Alley
423,Obin,Vina,25185 Bashford Avenue
424,Caws,Osmund,2 Packers Plaza
425,Gouck,Lucas,896 Burrows Junction
426,Drance,Tedie,7595 Kingsford Drive
427,Dunican,Romain,315 Stuart Hill
428,Chesterfield,Elwira,87 Nelson Hill
429,Toothill,Evvy,1388 Jay Circle
430,Dunks,Jeffry,6 Messerschmidt Road
431,Mish,Darcie,21791 Merry Center
432,Lantuffe,Louie,0 Oakridge Way
433,Eberts,Desirae,2 Saint Paul Drive
434,Bullick,Molli,9 Truax Way
435,Laban,Lazaro,68 Trailsway Street
436,Donaho,Jakob,8873 Granby Drive
437,Dat,Son,9 Kedzie Crossing
438,Eltune,Rikki,9 Beilfuss Trail
439,Skipper,Nelly,2 Fordem Place
440,Licciardo,Gabi,75574 Susan Drive
441,Ciotto,Ainslee,7 Fisk Avenue
442,Wadhams,Ade,7 Fordem Lane
443,Deveril,Raychel,0 Dayton Trail
444,Esmonde,Fonzie,3015 Sunbrook Hill
445,Uglow,Derby,42 Independence Place
446,Rankcom,Alana,6 Alpine Lane
447,Tabard,Cchaddie,1 Dovetail Crossing
448,Lebarree,Marybeth,08569 Armistice Street
449,Boschmann,Filip,0 Redwing Court
450,Capitano,Tabbitha,80 6th Court
451,Tym,Klement,54047 Summer Ridge Junction
452,Rosi,Elmira,6668 Red Cloud Drive
453,Rivallant,Guillermo,31558 Oak Place
454,Minet,Billie,766 Hanover Park
455,Darmody,Lazaro,8366 Golf Course Lane
456,Karpmann,Stafani,23853 Drewry Lane
457,Burriss,Ax,90068 Jenifer Point
458,Iacovo,Clemens,39 Orin Point
459,Blant,Rachele,53113 Ridgeview Court
460,Brightling,Beatrix,760 American Road
461,Neesham,Erena,55 Gale Point
462,Havock,Dorthy,84076 Homewood Park
463,Girardin,Moyra,0483 Mayfield Trail
464,Lucken,Culley,541 American Street
465,Quadrio,Jerrylee,4 Lindbergh Place
466,Hamlet,Caryn,26 Vidon Terrace
467,Ciciotti,Carny,521 Shasta Alley
468,McCamish,Hertha,100 Hauk Center
469,Dusting,Laureen,02838 Dovetail Crossing
470,Scain,Margit,7 Jenna Trail
471,Grog,Jessa,179 Loeprich Alley
472,Caselli,Peria,588 Meadow Ridge Place
473,Faulks,Filia,52 Grover Alley
474,Vokins,Henrie,386 Acker Way
475,Crickmer,Petr,7 Memorial Pass
476,Tithacott,Holden,38 Ridge Oak Center
477,Terne,Lauritz,5555 Rowland Hill
478,Ziemens,Nona,298 Bobwhite Alley
479,Tollet,Petronilla,95 Warner Avenue
480,Tainton,Tobias,234 Clyde Gallagher Point
481,Jeffers,Dave,482 Gerald Lane
482,Fransinelli,Mari,800 Orin Junction
483,Swallow,Hillard,042 Waywood Trail
484,O'Shevlan,Ericka,757 Michigan Pass
485,Meece,Adorne,73 Westport Parkway
486,Mander,Eugene,4792 4th Drive
487,Jahns,Kimbra,985 Canary Center
488,Ocheltree,Yolande,1080 Corscot Junction
489,Lachaize,Glenn,02229 Corscot Street
490,Barbara,Nicky,59092 Thierer Court
491,Ablewhite,Page,924 Maywood Parkway
492,Gaywood,Stacee,84 Comanche Hill
493,Gonthard,Roxie,5 Ludington Hill
494,Sudran,Lynnelle,781 Steensland Place
495,Westley,Chad,46 Tomscot Alley
496,Wederell,Marion,32 Ludington Avenue
497,Hoult,Vally,8616 Service Terrace
498,Ferreras,Verge,1996 Lakewood Gardens Place
499,Foli,Spence,721 Stephen Road
500,Chansonne,Jessamine,84405 Barnett Point
501,Martellini,Flem,5381 Swallow Avenue
502,Tombling,Ula,969 Logan Street
503,Rowatt,Ross,31890 Manley Street
504,Clendennen,Renaldo,32674 Northland Road
505,Linford,Jordana,20224 Charing Cross Way
506,Dickson,Charmane,14 Everett Way
507,Delaney,Hazlett,62616 Nova Pass
508,Georgelin,Eryn,8 Heath Road
509,Jackways,Lelia,722 Fairview Drive
510,Mathely,Collette,679 Petterle Junction
511,Iannuzzelli,Marietta,14 Barnett Lane
512,Wetherell,Dahlia,7299 Michigan Park
513,Volant,Reba,65 Prairieview Plaza
514,Spurgin,Vikki,1 Milwaukee Street
515,Ferrieri,Tanya,28 Fairfield Plaza
516,Wasylkiewicz,Margaux,50865 Sherman Parkway
517,D'eye,Brant,82090 Havey Center
518,Shardlow,Winifield,54480 Dennis Alley
519,Kalkofen,Goldy,70 Fisk Place
520,Derisley,Babita,86151 Grasskamp Park
521,Stancer,Lucille,175 Fisk Drive
522,Ettles,Brant,6948 Messerschmidt Street
523,Waller-Bridge,Carmen,143 Starling Park
524,Donaho,Dimitry,06 Kedzie Parkway
525,Sains,Koenraad,13132 Northport Terrace
526,Krink,Neville,0 Chinook Pass
527,Pyford,Fletch,473 Golf Course Way
528,Gillitt,Gun,7855 Autumn Leaf Junction
529,Jallin,Ado,119 Pennsylvania Hill
530,Bubbins,Jesselyn,06947 La Follette Street
531,Teresia,Trefor,8 Oak Terrace
532,Caves,Cal,6 Haas Park
533,McGlone,Ulrika,89 Erie Parkway
534,Donovan,Noah,229 Myrtle Drive
535,Miliffe,Annabell,9721 Glacier Hill Court
536,MacKenzie,Gerrilee,11171 Monica Way
537,Bordis,Cammy,87 Chive Way
538,Ashborn,Rowena,72 Lillian Park
539,Malyon,Eden,250 Mayer Junction
540,Hinken,Binny,36 Gale Junction
541,Osbourne,Edi,6941 Banding Center
542,Borchardt,Lock,39 Canary Place
543,Normabell,Grazia,991 Lukken Avenue
544,Bifield,Ethelred,93 Dixon Park
545,Oldman,Flore,91870 Washington Hill
546,Setterington,Salim,3924 Victoria Center
547,Dimnage,Jorey,7 Gerald Place
548,Tschierasche,Guendolen,07990 Porter Place
549,Paolinelli,Wenda,65 Red Cloud Junction
550,McGinty,Ferris,90 Lien Road
551,Ponsford,Clay,513 Novick Way
552,Bartolomeotti,Godwin,6 Stuart Terrace
553,Blasl,Agathe,58 Ruskin Junction
554,Rubenovic,Lira,65 Eagan Park
555,Cosgrove,Lauren,180 Warrior Lane
556,Endecott,Ynes,7 Cardinal Plaza
557,Jest,Lisa,10 Golf Avenue
558,Cassar,Griffie,43392 Dorton Crossing
559,Angel,Melvyn,6 Northfield Road
560,Asher,Nolana,63232 Redwing Junction
561,Worsnap,Derrik,2017 Truax Parkway
562,Dodamead,Chiquita,2272 Elgar Road
563,McEttigen,Edin,78723 Quincy Drive
564,Dabnor,Felic,99 Transport Hill
565,Scurlock,Mirabelle,13 Nevada Park
566,Soulsby,Pembroke,3 Graceland Drive
567,De Roos,Vivia,656 Pepper Wood Alley
568,O'Rudden,Melesa,1 Dawn Trail
569,Nicely,Paco,62124 American Ash Street
570,Doubrava,Alasteir,6 Westport Alley
571,Sturton,Thor,39 Novick Drive
572,Jerrard,Georgena,4575 Spaight Junction
573,Lilie,Aluino,2769 Melby Hill
574,Lumox,Rozele,052 7th Park
575,Doy,Jewell,82587 Milwaukee Court
576,Domney,Myrle,8329 Lien Parkway
577,Suthren,Morna,03 Iowa Parkway
578,Baunton,Kienan,9 Hermina Junction
579,Aldwick,Myrtia,14 Arrowood Way
580,Amorts,Emlynn,85852 Stuart Road
581,Bruhnicke,Ami,3718 Dryden Avenue
582,Addinall,Gayler,23784 Calypso Park
583,Alston,Freddy,1300 Declaration Plaza
584,Ellingham,Rance,6 Tony Hill
585,Laughnan,Dniren,823 Ridgeview Plaza
586,Ferrelli,Arlinda,36 Reindahl Hill
587,Dominguez,Sandra,8 Basil Parkway
588,Houseago,Felice,0 Rutledge Lane
589,Oxborrow,Evie,8361 Green Crossing
590,Doldon,Taddeo,30 Alpine Circle
591,Ramiro,Marj,22 Hermina Way
592,Gniewosz,Dick,36 Rutledge Point
593,Dorning,Harmony,749 Hauk Pass
594,Scamerdine,Cris,9085 Steensland Terrace
595,Onge,Adolpho,654 Thompson Trail
596,Augar,Phillida,12 Lake View Park
597,Chippindale,Rorie,05937 Eliot Alley
598,Ingleby,Freeman,670 Caliangt Alley
599,Rraundl,Tobin,26480 American Ash Place
600,Palin,Bordie,23477 Southridge Road
601,D'Acth,Lion,131 Walton Drive
602,Tarply,Gilbertine,7032 Vidon Court
603,Luten,Raye,5 Jana Court
604,Sagar,Kathi,90442 Petterle Point
605,Vockins,Jocelyn,7036 Grayhawk Pass
606,Hutchence,Leonanie,041 Artisan Center
607,Walaron,Duncan,1 Prentice Parkway
608,Hyland,Lelia,98 North Lane
609,Giacomozzo,Alisha,36 Mitchell Lane
610,Presser,Welby,96 Grover Alley
611,Tulloch,Letisha,972 Thompson Court
612,Rubi,Fenelia,74 Hoard Avenue
613,Housiaux,Ev,599 Pankratz Drive
614,Daley,Hamel,7531 Dapin Hill
615,Bagwell,Valli,497 Declaration Lane
616,Brummitt,Boycey,7 Green Ridge Way
617,Sanchis,Fitz,2413 Sunnyside Junction
618,Grinstead,Fanchon,86 Monument Junction
619,Muehle,Joletta,71862 Tomscot Street
620,Danielczyk,Dede,2 Old Shore Street
621,Sighard,Karoly,9301 Meadow Valley Way
622,Fleote,Cathyleen,59228 Shopko Terrace
623,Costar,Jake,1 Crownhardt Circle
624,Anfonsi,Toddie,38918 Grasskamp Center
625,Dorey,Tabb,1 Glendale Lane
626,Hartop,Augustine,22485 Bluejay Point
627,Winsome,Giulia,87 Russell Trail
628,Alvy,Arnaldo,2093 Northwestern Trail
629,Duthie,Merl,768 7th Avenue
630,Gypson,Hestia,096 Carioca Avenue
631,Feronet,Manda,17188 Dixon Road
632,Gillott,Cornelia,0661 Iowa Point
633,Ruoss,Bryna,00 Pleasure Circle
634,Pfeffle,Deonne,87 Doe Crossing Point
635,Keddy,Rochell,13438 Debs Avenue
636,McCrostie,Chryste,2 Sachs Lane
637,Milbourn,Jeramey,0 American Crossing
638,Cleland,Ianthe,6 Clyde Gallagher Circle
639,Daber,Lyon,47216 Beilfuss Parkway
640,Wilbore,Roze,00203 Jay Junction
641,Stiebler,Thom,214 Harbort Crossing
642,Spaldin,Sig,01 Trailsway Terrace
643,Robertis,Vyky,3 Ilene Alley
644,Beddis,Ramon,5330 Caliangt Pass
645,Mahaddy,Mehetabel,9915 Oakridge Way
646,Stigger,Jacintha,289 Jenna Trail
647,Nicklin,Alvin,4179 Portage Terrace
648,Winslow,Veradis,9 Oxford Hill
649,Granville,Syd,81657 Mayer Street
650,McNab,Bengt,0884 Dakota Point
651,Bonnick,Emylee,33 Sage Point
652,Steckings,Arliene,80 Forest Plaza
653,Cufflin,Milt,2466 Green Junction
654,Goody,Austin,61701 Barby Circle
655,Oglethorpe,Haze,2 5th Pass
656,Rigardeau,Alejandra,393 Portage Road
657,Gabbitus,Dane,9495 Buell Avenue
658,Tybalt,Evin,227 Morningstar Park
659,Duffet,Talbot,92 Mesta Way
660,Graysmark,Westbrooke,62959 Transport Terrace
661,Christensen,Sallie,6 Buhler Lane
662,Thewlis,Crichton,84 Troy Park
663,Rameau,Shellie,2073 Pierstorff Circle
664,Estevez,Alisander,57 Amoth Trail
665,Comberbeach,Tiffi,641 Norway Maple Alley
666,Ellerton,Briano,51 Eagle Crest Street
667,Newitt,Nolly,5375 Stang Center
668,Storer,Burke,04936 Del Sol Plaza
669,Abramson,Wendall,2 3rd Alley
670,Sancias,Emogene,41439 Reindahl Road
671,Billingsley,Josephine,06 Meadow Ridge Junction
672,Hubbart,Kailey,057 Farmco Court
673,Hurne,Rees,23 Crowley Avenue
674,McRinn,Neddy,96074 Logan Road
675,Ringer,Chantal,1 Ruskin Drive
676,Condie,Estrella,592 Waubesa Parkway
677,Joye,Kellia,37425 7th Pass
678,Kibbe,Ettie,2 Michigan Junction
679,Keerl,Marlow,69 Lindbergh Point
680,Curnnokk,Edgar,6 Holy Cross Terrace
681,Pigdon,Ram,0 Miller Parkway
682,Leffek,Danila,6 Clemons Street
683,Skym,Beale,15187 Warrior Lane
684,Anglin,Muhammad,826 1st Pass
685,Rivelin,Fayette,8071 Harbort Avenue
686,Jozaitis,Eduardo,4 Muir Court
687,Cosyns,Dulcine,331 Sunbrook Point
688,Gianneschi,Barbara-anne,03 Elmside Street
689,Leslie,Korey,2511 Menomonie Crossing
690,Wastling,Noam,0512 Wayridge Crossing
691,Sylett,Darb,68 Summit Road
692,Whichelow,Falito,959 Northridge Drive
693,Leftwich,Cinderella,3731 Morrow Way
694,Broady,Thaddeus,945 Luster Parkway
695,Beed,Helenelizabeth,92234 Hooker Terrace
696,Hebburn,Carmelina,19 Thierer Park
697,Copperwaite,Mikkel,56 Bluejay Hill
698,Sharpling,Gareth,218 Elgar Avenue
699,Rawcliffe,Anallese,9 Jay Way
700,Stephen,Tracie,81786 Towne Circle
701,Geindre,Dan,3730 Sachs Trail
702,Armatidge,Ronnie,38 Comanche Street
703,Francklin,Casey,83 Mallory Place
704,Kybbye,Mick,7 Claremont Park
705,Jacobs,Mirna,45025 Ridge Oak Center
706,Norrie,Celestyna,4864 Autumn Leaf Parkway
707,Baptiste,Tommy,8114 International Plaza
708,Oty,Flory,53506 Bartillon Plaza
709,Kelling,Coleman,64996 Grover Road
710,Teeney,Trevor,1250 Green Ridge Drive
711,Archanbault,Ninette,1779 Ryan Road
712,Mattin,Torin,1 Rockefeller Parkway
713,Haddinton,Edmund,16289 Morrow Way
714,Southerton,Teresa,61 Fremont Avenue
715,Venart,Yvonne,398 Hansons Pass
716,Daton,Phip,6 Bowman Trail
717,Winspar,Sharleen,91937 Boyd Avenue
718,Whetnall,Cris,8 Sloan Pass
719,Johantges,Phoebe,8 Harbort Point
720,Dallon,Sari,3 High Crossing Lane
721,Mertel,Rebbecca,6296 Dayton Avenue
722,Blakesley,Dylan,9751 Dorton Point
723,Jessen,Becca,966 Stephen Trail
724,Hymor,Emerson,6 Village Park
725,Janisson,Nikolaus,51 Haas Crossing
726,Courtes,Michele,87555 Tomscot Avenue
727,Iddon,Bartolemo,184 Bunker Hill Circle
728,Calbaithe,Had,73463 Bonner Park
729,Troubridge,Julieta,07907 Homewood Terrace
730,Huncoot,Rozamond,4 West Terrace
731,Margetson,Jori,7644 Holy Cross Lane
732,Hoffner,Gavra,34 Moose Terrace
733,Fyall,Aldin,593 Brickson Park Street
734,Maffei,Ezequiel,885 Westerfield Point
735,Wyse,Galina,71305 Old Gate Crossing
736,Samet,Gabie,17 Barby Way
737,Edes,Jenica,0228 Mitchell Hill
738,Merman,Tracee,55283 Hazelcrest Park
739,Jubert,Reynold,7066 Becker Alley
740,Dourin,Kayley,0929 Porter Junction
741,Martinet,Othilia,1 Leroy Road
742,Jakubowsky,Jenny,07 Independence Lane
743,Emptage,Jacquelin,81 Cascade Parkway
744,O'Lyhane,Dasie,4300 Sage Point
745,Gipson,Pennie,741 Sherman Park
746,Matei,Myrwyn,58 Manley Pass
747,Satchel,Charlena,4 Randy Lane
748,Ness,Pierrette,5 Raven Parkway
749,Holston,Koral,81 Heath Road
750,Dugall,Justen,27 Morningstar Trail
751,Southouse,Boonie,336 Grim Pass
752,Bernuzzi,Appolonia,8 Del Sol Lane
753,Rustan,Belle,1310 Calypso Center
754,O' Culligan,Margo,50 Larry Center
755,Jennemann,Giacopo,4421 Canary Avenue
756,Bouttell,Donetta,895 Pine View Court
757,O' Timony,Luciana,647 Birchwood Circle
758,Colvin,Nickey,94528 Park Meadow Terrace
759,Ruppele,Murdoch,50 Porter Court
760,Sudworth,Maybelle,46606 Annamark Trail
761,Rau,Neal,4 Arrowood Drive
762,Beecheno,Abbott,22 Dawn Parkway
763,Macon,Chandal,0 Carey Street
764,Huddy,Neel,855 Fieldstone Junction
765,Wychard,Kordula,341 Schiller Pass
766,Bellows,Andy,5 Pepper Wood Place
767,Eytel,Baily,82 Cordelia Parkway
768,Mowen,Gregoor,009 Pawling Hill
769,Heelis,Bil,1193 Clemons Alley
770,Leathwood,Munroe,47 Ridge Oak Street
771,Llewellin,Loretta,53148 Dovetail Hill
772,Baser,Ray,3785 Moose Circle
773,Shuter,Tasia,03064 3rd Trail
774,Harcase,Alta,18669 Crescent Oaks Lane
775,Throssell,Jeramie,9 Ryan Lane
776,Cullinan,Cori,89 Sugar Park
777,Danis,Peder,88529 Morrow Terrace
778,Castleman,Clem,53766 Continental Place
779,Bretland,Ryan,0686 Buell Avenue
780,Epdell,Hillier,82 Milwaukee Lane
781,Bickerstaff,Eb,0 Pepper Wood Avenue
782,Hambribe,Nilson,1815 Hoffman Alley
783,Althrope,Jodie,6344 Waubesa Crossing
784,Hards,Jason,950 Lunder Parkway
785,Gianotti,Shanan,0589 Heffernan Circle
786,Blackstock,Efrem,12986 Hanover Court
787,Leonardi,Jeffry,4488 Barby Point
788,Liddall,Devondra,76 Dottie Place
789,Vibert,Alaster,59282 Starling Drive
790,Langdridge,Emery,5 Alpine Junction
791,Labba,Davide,4729 Randy Parkway
792,Anyon,Andonis,0 Doe Crossing Circle
793,Malcher,Drugi,5 Village Green Terrace
794,Patzelt,Luis,10 Linden Circle
795,Capewell,Gayler,215 Redwing Road
796,Ragate,Shina,42594 Crest Line Road
797,Goucher,Latia,869 Green Ridge Trail
798,Dobbison,Brandie,931 Becker Place
799,Breacher,Kelvin,95442 Autumn Leaf Place
800,Moreman,Fredericka,94 Lindbergh Trail
801,Peasegood,Kimbra,0 Hudson Place
802,Philipson,Elly,154 Hazelcrest Pass
803,Ericssen,Ashil,7 Veith Parkway
804,Mallows,Camila,16 Lotheville Plaza
805,Tweedell,Minny,83 Oak Valley Street
806,Dummett,Teena,4260 International Junction
807,Stollsteimer,Ilysa,949 Oak Valley Park
808,Bryns,Marlowe,5 Stoughton Parkway
809,Fleg,Kristien,12779 Columbus Circle
810,Jiroutka,Ramon,071 Grim Pass
811,Moriarty,Reade,29607 La Follette Place
812,Corney,Harlene,17090 Messerschmidt Circle
813,Baggallay,Quinlan,71674 Arrowood Pass
814,Gotcliffe,Eldridge,40532 Dixon Point
815,Kenrat,Harland,6 Hazelcrest Drive
816,Assandri,Gavra,667 Bunting Center
817,Badrick,Selinda,6237 6th Pass
818,Mawer,Lynelle,652 Moose Court
819,Wadie,Jojo,304 Melvin Junction
820,Haysar,Roxanne,949 Stone Corner Circle
821,Abrehart,Derrick,65373 Gale Pass
822,MacKeague,Avie,923 Linden Alley
823,Baskeyfied,Lola,108 Ryan Lane
824,Sapena,Charlot,08 Eastwood Place
825,Comford,Rosella,38 Continental Place
826,Caldaro,Sharline,84719 Katie Plaza
827,Engall,Kendell,144 Blackbird Trail
828,Heake,Cordie,2 Sage Street
829,Culpin,Callida,95 Sutherland Crossing
830,Swallwell,Gerladina,34817 Magdeline Crossing
831,Collete,Retha,7 Loftsgordon Drive
832,Pattison,Josi,3 Manley Street
833,Olenov,Fabe,7019 Green Ridge Drive
834,Tuffield,Cristian,0652 Sunbrook Court
835,Curreen,Shanan,665 East Pass
836,Georgescu,Birk,26 Vera Parkway
837,Carmont,Kristo,67517 Colorado Parkway
838,Fotherby,Lisle,11 Service Circle
839,Akid,Richart,239 Vermont Circle
840,Nafzger,Zora,76 Shasta Drive
841,Sapsforde,Brandon,1 Texas Avenue
842,Huffer,Rayna,10667 Hovde Place
843,Bassingden,Hillary,9461 Waxwing Crossing
844,Westgarth,Emera,166 Schmedeman Circle
845,Ricca,Joceline,1274 Ronald Regan Crossing
846,Slucock,Zahara,52859 Sycamore Trail
847,Kerrane,Che,02 Vernon Hill
848,Franchioni,Rozele,11 Kim Way
849,Volette,Eddy,2991 Myrtle Hill
850,Spilsted,Chrysa,09 Mosinee Junction
851,Divall,Cathi,30 Forster Avenue
852,Deftie,Kingsley,6286 West Circle
853,Bleakley,Shari,9 Welch Trail
854,Kobke,Cosmo,38481 Victoria Avenue
855,Hassur,Adina,265 Crest Line Plaza
856,Garard,Mikey,5 Fallview Way
857,Gather,Audy,5647 Sachtjen Parkway
858,Greystock,Chicky,91 Vera Parkway
859,Gobbett,Shannon,591 Manufacturers Junction
860,Stanbro,Gilburt,5244 Gulseth Terrace
861,Dobsons,Iseabal,853 Derek Terrace
862,Matic,Konstance,56191 Cordelia Street
863,Gentry,Lexine,9263 Kensington Plaza
864,Mosby,Daffi,847 Reinke Center
865,Dalgarnowch,Ritchie,525 Goodland Place
866,Gecks,Ignacius,6151 Westerfield Crossing
867,Browning,Clovis,956 Reindahl Plaza
868,Micallef,Morlee,90835 Derek Junction
869,Harker,Bennie,546 Roth Crossing
870,Knoton,Becca,51 Ridgeview Plaza
871,Bowller,Deb,77329 Nancy Court
872,Spurdle,Ozzy,1 Upham Terrace
873,Siebart,Joyce,5173 Jenifer Circle
874,Pruvost,Dannye,100 Village Trail
875,Stutt,Aleen,9 Algoma Drive
876,Armer,Ulrika,93 Warbler Circle
877,Lamputt,Joya,4015 Onsgard Drive
878,Middlehurst,Tobe,8709 Cherokee Center
879,Alessandone,Norrie,521 Kenwood Terrace
880,Cowterd,Morgen,2 Burning Wood Alley
881,Worsam,Maryanne,926 Fieldstone Street
882,Janeway,Willis,720 Jay Junction
883,Wildsmith,Sydelle,8564 Bay Circle
884,Scandrite,Eleni,584 Northport Place
885,Killshaw,Lark,921 Erie Avenue
886,Peaddie,Estelle,25 Weeping Birch Drive
887,Pindar,Erik,2 Karstens Place
888,Francioli,Hobey,277 Arizona Way
889,Featley,Walliw,9 Hovde Street
890,Antonnikov,Jorge,5228 Bartillon Hill
891,Pennycook,Kean,613 Autumn Leaf Hill
892,Benninck,Terry,3 Ramsey Park
893,Niece,Idalina,219 Carioca Place
894,Vlies,Ailsun,8 American Ash Street
895,Ferrers,Fayth,3 Esch Street
896,MacMeeking,Nicol,297 Gale Street
897,Lenahan,Jayme,6 Lighthouse Bay Center
898,Izacenko,Rodrick,20 Brentwood Hill
899,Schorah,Brinna,4 Bultman Junction
900,McCritichie,Alane,0156 Clove Crossing
901,Tansley,Christye,5 Washington Plaza
902,Shires,Dell,169 Southridge Drive
903,Brozek,Kippar,9 Gateway Junction
904,Warcup,Kristi,86 Myrtle Plaza
905,Barraclough,Shandee,26 Hovde Point
906,Wakely,Gardener,668 Browning Court
907,Terrington,Lief,67023 Leroy Parkway
908,Ciccotti,Maximilianus,20249 Sachs Trail
909,Pressdee,Agosto,97 Northwestern Crossing
910,Beringer,Jermain,034 Nelson Center
911,Bowcher,Carley,24 Crest Line Center
912,Scales,Haily,67 Northridge Circle
913,Riolfo,Alexi,9 Forster Alley
914,Stirton,Olenolin,509 Reinke Point
915,Byne,Phillip,713 Sunfield Circle
916,Kohrt,Carver,29 Blaine Place
917,Milnthorpe,Kingsly,17994 Summerview Junction
918,Looks,Uta,3 Chive Way
919,Prandy,Irena,427 Heath Court
920,Larrie,Sherlocke,83910 Caliangt Trail
921,Duggleby,Chaddie,9581 Jenna Way
922,Shawyer,Felice,21 Daystar Park
923,Challender,Timmie,3678 Sycamore Way
924,Melsom,Cordelie,793 Anniversary Plaza
925,Tern,Ingelbert,85250 Lake View Hill
926,Reims,Malva,87 Haas Road
927,Laboune,Uriel,4019 Reinke Terrace
928,Lloyd,Germaine,96 Glendale Plaza
929,Salvador,Clair,30214 Bluejay Pass
930,Mynett,Rosanne,496 Aberg Road
931,Atrill,Venus,42 Paget Alley
932,Ruhben,Cassie,4906 John Wall Terrace
933,Dunsford,Modestine,7 Dottie Drive
934,Paxforde,Gabbi,3935 Hansons Crossing
935,Elles,Maribelle,098 Hayes Avenue
936,Mochan,Ester,88281 Redwing Street
937,Koppen,Barbaraanne,266 Duke Pass
938,Courtois,Lulu,0 Division Parkway
939,Daines,Gillie,38176 1st Road
940,Lowe,Aldin,59 Oriole Place
941,Godain,Cheri,3 Erie Plaza
942,Varndell,Addi,222 Starling Drive
943,Lowrie,Christye,156 Anderson Alley
944,Growcott,Wallace,360 Cascade Trail
945,Mellows,Meta,70528 Forest Run Way
946,Delia,David,98621 Division Crossing
947,Pedrocchi,Ilse,5409 Rieder Junction
948,Theakston,Lurlene,621 Hoard Center
949,Algar,Corny,7 Waxwing Lane
950,Mayhead,Simone,18 Montana Terrace
951,Tinkler,Malina,5942 Mayer Court
952,Hurdis,Arnuad,6552 Ridge Oak Parkway
953,Shirland,Lyn,260 Fair Oaks Crossing
954,McKenny,Dar,5318 Bellgrove Place
955,Colhoun,Georgiana,43851 Manufacturers Hill
956,MacHarg,Rozele,311 Caliangt Park
957,Brown,Katie,80083 Tennyson Alley
958,Spours,Arlena,252 Mariners Cove Plaza
959,Bentje,Blondelle,0277 Heffernan Center
960,Senescall,Pauly,746 Glacier Hill Plaza
961,Reignard,Doroteya,04 Darwin Lane
962,Duckering,Reeba,6092 Moulton Park
963,Vedenyakin,Feodor,0964 Lindbergh Court
964,Holde,Pasquale,69308 Sunbrook Street
965,Odcroft,Margarette,0 Di Loreto Point
966,Kort,Quincey,02 Kipling Circle
967,Davidman,Sholom,769 Roxbury Plaza
968,Darnbrough,Rosemonde,53978 Loomis Point
969,Trase,Winona,2277 Jackson Trail
970,Kilbourne,Ali,21 High Crossing Crossing
971,Jansens,Gualterio,2384 Armistice Place
972,Mose,Moise,740 Waxwing Lane
973,Estrella,Bink,29227 Steensland Point
974,Muffin,Ray,5 Rieder Park
975,Whales,Humbert,30286 Michigan Place
976,Mieville,Agace,36235 Old Gate Lane
977,Josse,Rubia,84 Park Meadow Street
978,Standish-Brooks,Thedric,9 Sutteridge Street
979,Boumphrey,Heidie,21 Fisk Park
980,Rollins,Guinevere,21 Muir Avenue
981,Worsley,Flossie,40621 Magdeline Pass
982,Scawton,Rawley,03954 Welch Street
983,Hatfield,Frederigo,460 Nobel Terrace
984,Raitie,Inessa,47783 Manufacturers Plaza
985,Clayworth,Georgianna,83529 Harper Crossing
986,Sarl,Bailie,72140 Grim Alley
987,Durtnal,Hanan,0638 Waywood Circle
988,Adamik,Toiboid,366 Canary Center
989,Farley,Arden,0 Columbus Hill
990,Booty,Rolland,5455 North Parkway
991,Learned,Johnath,607 Monterey Center
992,Sehorsch,Bondie,97574 Derek Place
993,Sandom,Meier,35 Springs Street
994,Stroder,Arty,9852 Emmet Plaza
995,Kingsworth,Camilla,99177 Talmadge Plaza
996,Burrells,Lin,1028 Stone Corner Plaza
997,Chrestien,Curran,96835 Northport Road
998,Tidswell,Raleigh,6329 Brown Pass
999,Krop,Dirk,70410 Rockefeller Crossing
1000,Dubery,Abbott,1 Meadow Ridge Drive